title,size,region,price
title,size,region,price
title,size,region,price
title,size,region,price
title,size,region,price
title,size,region,price
title,size,region,price
title,size,region,price
title,size,region,price
title,size,region,price
title,size,region,price
title,size,region,price
title,size,region,price
title,size,region,price
title,size,region,price
title,size,region,price
title,size,region,price
title,size,region,price
title,size,region,price
title,size,region,price
title,size,region,price
title,size,region,price
title,size,region,price
title,size,region,price
title,size,region,price
title,size,region,price
title,size,region,price
title,size,region,price
